{
  "hash": "56ec94c5",
  "configHash": "9932c3e8",
  "lockfileHash": "0d11aff7",
  "browserHash": "48a33a1a",
  "optimized": {
    "@angular/common/http": {
      "src": "../../../../../node_modules/@angular/common/fesm2022/http.mjs",
      "file": "@angular_common_http.js",
      "fileHash": "0ddfb81f",
      "needsInterop": false
    },
    "@angular/core": {
      "src": "../../../../../node_modules/@angular/core/fesm2022/core.mjs",
      "file": "@angular_core.js",
      "fileHash": "78777b6d",
      "needsInterop": false
    },
    "@angular/forms": {
      "src": "../../../../../node_modules/@angular/forms/fesm2022/forms.mjs",
      "file": "@angular_forms.js",
      "fileHash": "496ba4e3",
      "needsInterop": false
    },
    "@angular/platform-browser": {
      "src": "../../../../../node_modules/@angular/platform-browser/fesm2022/platform-browser.mjs",
      "file": "@angular_platform-browser.js",
      "fileHash": "fc9497ad",
      "needsInterop": false
    },
    "@angular/router": {
      "src": "../../../../../node_modules/@angular/router/fesm2022/router.mjs",
      "file": "@angular_router.js",
      "fileHash": "b1a68b9e",
      "needsInterop": false
    }
  },
  "chunks": {
    "chunk-5SYTYNOZ": {
      "file": "chunk-5SYTYNOZ.js"
    },
    "chunk-YLT2AYPH": {
      "file": "chunk-YLT2AYPH.js"
    },
    "chunk-KY45PU2H": {
      "file": "chunk-KY45PU2H.js"
    },
    "chunk-DWZ2RJXY": {
      "file": "chunk-DWZ2RJXY.js"
    }
  }
}